Object,X_value,Y_value
Object 1,1.0050787927786706,4.594642028840985
Object 2,1.1284776235758938,4.328122330746956
Object 3,2.1178810617630583,0.7268445120775919
Object 4,0.9556263081877835,4.385907027836065
Object 5,-1.3540167734500042,2.7694492572518343
Object 6,-1.0729530884243839,2.6270091264133697
Object 7,-2.037501976388721,3.048605980421195
Object 8,2.354083336064399,0.8566320071847766
Object 9,2.144040167981963,0.9643985254127903
Object 10,1.166287762051613,4.27351588578885
